model,fold,class_id,class_name,images,instances,precision,recall,fdr,f1,map50,map50_95
yolo26n,0,0,HM,15,16,0.966,0.938,0.034,0.951794,0.935,0.847
yolo26n,0,1,LQS,4,6,0.989,0.333,0.011,0.498241,0.491,0.458
yolo26n,0,2,QHS,40,111,0.787,0.685,0.213,0.732466,0.823,0.663
yolo26n,0,3,MS,243,463,0.879,0.849,0.121,0.86374,0.911,0.737
yolo26n,0,4,A1_SU-35,57,280,0.991,0.964,0.009,0.977314,0.991,0.915
yolo26n,0,5,A2_C-130,58,208,0.995,0.97,0.005,0.982341,0.993,0.944
yolo26n,0,6,A3_C-17,51,197,0.995,0.984,0.005,0.989469,0.985,0.94
yolo26n,0,7,A4_C-5,24,96,1.0,0.993,0.0,0.996488,0.995,0.954
yolo26n,0,8,A5_F-16,48,204,0.998,0.985,0.002,0.991457,0.994,0.89
yolo26n,0,9,A6_TU-160,18,64,0.979,1.0,0.021,0.989389,0.995,0.951
yolo26n,0,10,A7_E-3,31,91,0.995,0.978,0.005,0.986427,0.993,0.963
yolo26n,0,11,A8_B-52,33,114,0.995,1.0,0.005,0.997494,0.995,0.959
yolo26n,0,12,A9_P-3C,38,129,0.967,0.984,0.033,0.975426,0.991,0.914
yolo26n,0,13,A10_B-1B,31,144,0.996,0.979,0.004,0.987427,0.994,0.941
yolo26n,0,14,A11_E-8,29,81,0.925,0.963,0.075,0.943618,0.982,0.94
yolo26n,0,15,A12_TU-22,37,132,0.977,0.972,0.023,0.974494,0.994,0.887
yolo26n,0,16,A13_F-15,43,257,1.0,0.962,0.0,0.980632,0.99,0.844
yolo26n,0,17,A14_KC-135,71,282,0.982,0.979,0.018,0.980498,0.991,0.942
yolo26n,0,18,A15_F-22,23,90,0.981,0.989,0.019,0.984984,0.994,0.85
yolo26n,0,19,A16_FA-18,48,400,0.996,0.99,0.004,0.992991,0.994,0.939
yolo26n,0,20,A17_TU-95,60,224,0.993,0.964,0.007,0.978285,0.981,0.891
yolo26n,0,21,A18_KC-10,18,41,0.987,0.976,0.013,0.981469,0.993,0.941
yolo26n,0,22,A19_SU-34,57,169,0.971,0.993,0.029,0.981877,0.994,0.915
yolo26n,0,23,A20_SU-24,41,140,0.993,0.964,0.007,0.978285,0.986,0.878
yolo26n,0,24,FSC,14,83,0.831,0.53,0.169,0.647215,0.693,0.471
yolo26n,1,0,HM,22,24,0.94,1.0,0.06,0.969072,0.992,0.903
yolo26n,1,1,LQS,5,5,0.591,0.4,0.409,0.477094,0.427,0.308
yolo26n,1,2,QHS,46,99,0.766,0.687,0.234,0.724352,0.756,0.614
yolo26n,1,3,MS,238,432,0.834,0.826,0.166,0.829981,0.858,0.702
yolo26n,1,4,A1_SU-35,56,284,0.991,0.961,0.009,0.975769,0.981,0.905
yolo26n,1,5,A2_C-130,58,321,0.989,0.978,0.011,0.983469,0.995,0.943
yolo26n,1,6,A3_C-17,50,223,0.987,0.996,0.013,0.99148,0.994,0.925
yolo26n,1,7,A4_C-5,23,120,0.979,0.975,0.021,0.976996,0.994,0.946
yolo26n,1,8,A5_F-16,48,192,0.988,0.979,0.012,0.983479,0.975,0.879
yolo26n,1,9,A6_TU-160,17,79,0.984,1.0,0.016,0.991935,0.995,0.886
yolo26n,1,10,A7_E-3,31,109,0.863,0.963,0.137,0.910262,0.977,0.916
yolo26n,1,11,A8_B-52,33,140,0.989,1.0,0.011,0.99447,0.995,0.961
yolo26n,1,12,A9_P-3C,39,183,0.991,0.989,0.009,0.989999,0.994,0.938
yolo26n,1,13,A10_B-1B,33,176,0.985,0.96,0.015,0.972339,0.979,0.916
yolo26n,1,14,A11_E-8,27,97,0.944,0.948,0.056,0.945996,0.96,0.911
yolo26n,1,15,A12_TU-22,38,129,0.972,0.977,0.028,0.974494,0.994,0.911
yolo26n,1,16,A13_F-15,42,241,0.991,0.962,0.009,0.976285,0.989,0.894
yolo26n,1,17,A14_KC-135,73,303,0.962,0.926,0.038,0.943657,0.926,0.865
yolo26n,1,18,A15_F-22,24,88,0.971,0.989,0.029,0.979917,0.982,0.881
yolo26n,1,19,A16_FA-18,46,471,0.979,0.981,0.021,0.979999,0.986,0.936
yolo26n,1,20,A17_TU-95,62,229,0.988,0.961,0.012,0.974313,0.98,0.889
yolo26n,1,21,A18_KC-10,16,48,0.939,1.0,0.061,0.96854,0.99,0.918
yolo26n,1,22,A19_SU-34,57,200,0.959,0.995,0.041,0.976668,0.991,0.906
yolo26n,1,23,A20_SU-24,40,164,1.0,0.967,0.0,0.983223,0.985,0.882
yolo26n,1,24,FSC,14,65,0.778,0.376,0.222,0.506981,0.558,0.366
yolo26n,2,0,HM,29,29,0.964,0.926,0.036,0.944618,0.92,0.838
yolo26n,2,1,LQS,5,9,0.811,0.482,0.189,0.604643,0.633,0.556
yolo26n,2,2,QHS,40,135,0.735,0.822,0.265,0.776069,0.858,0.724
yolo26n,2,3,MS,240,463,0.883,0.883,0.117,0.883,0.927,0.732
yolo26n,2,4,A1_SU-35,55,271,0.985,0.983,0.015,0.983999,0.994,0.909
yolo26n,2,5,A2_C-130,61,360,1.0,0.973,0.0,0.986315,0.993,0.93
yolo26n,2,6,A3_C-17,51,242,0.997,0.996,0.003,0.9965,0.995,0.91
yolo26n,2,7,A4_C-5,23,137,0.989,0.956,0.011,0.97222,0.973,0.918
yolo26n,2,8,A5_F-16,48,184,0.997,0.967,0.003,0.981771,0.992,0.893
yolo26n,2,9,A6_TU-160,19,89,0.977,0.965,0.023,0.970963,0.984,0.906
yolo26n,2,10,A7_E-3,31,99,0.969,1.0,0.031,0.984256,0.995,0.941
yolo26n,2,11,A8_B-52,33,153,0.984,0.98,0.016,0.981996,0.995,0.952
yolo26n,2,12,A9_P-3C,36,207,0.993,0.986,0.007,0.989488,0.995,0.939
yolo26n,2,13,A10_B-1B,31,136,0.993,1.0,0.007,0.996488,0.995,0.931
yolo26n,2,14,A11_E-8,29,107,0.972,0.979,0.028,0.975487,0.994,0.947
yolo26n,2,15,A12_TU-22,37,109,1.0,0.991,0.0,0.99548,0.995,0.895
yolo26n,2,16,A13_F-15,42,291,0.988,0.976,0.012,0.981963,0.99,0.894
yolo26n,2,17,A14_KC-135,72,357,0.988,0.992,0.012,0.989996,0.994,0.929
yolo26n,2,18,A15_F-22,22,99,0.978,0.98,0.022,0.978999,0.984,0.855
yolo26n,2,19,A16_FA-18,48,464,0.996,0.985,0.004,0.990469,0.995,0.957
yolo26n,2,20,A17_TU-95,60,216,0.986,0.962,0.014,0.973852,0.993,0.901
yolo26n,2,21,A18_KC-10,18,65,0.989,0.969,0.011,0.978898,0.984,0.925
yolo26n,2,22,A19_SU-34,56,210,0.95,0.976,0.05,0.962825,0.978,0.848
yolo26n,2,23,A20_SU-24,40,162,0.987,0.972,0.013,0.979443,0.984,0.874
yolo26n,2,24,FSC,14,70,0.688,0.631,0.312,0.658268,0.724,0.489
yolo26n,3,0,HM,26,26,0.974,0.923,0.026,0.947814,0.987,0.859
yolo26n,3,1,LQS,5,5,0.733,0.6,0.267,0.659865,0.612,0.573
yolo26n,3,2,QHS,46,174,0.715,0.751,0.285,0.732558,0.787,0.646
yolo26n,3,3,MS,239,419,0.866,0.802,0.134,0.832772,0.881,0.718
yolo26n,3,4,A1_SU-35,56,243,0.976,0.975,0.024,0.9755,0.986,0.909
yolo26n,3,5,A2_C-130,58,263,0.988,0.977,0.012,0.982469,0.985,0.939
yolo26n,3,6,A3_C-17,51,212,1.0,0.995,0.0,0.997494,0.995,0.92
yolo26n,3,7,A4_C-5,24,92,0.981,0.913,0.019,0.945779,0.952,0.873
yolo26n,3,8,A5_F-16,48,244,0.992,0.994,0.008,0.992999,0.995,0.905
yolo26n,3,9,A6_TU-160,17,73,1.0,0.996,0.0,0.997996,0.995,0.921
yolo26n,3,10,A7_E-3,31,141,0.933,0.979,0.067,0.955447,0.991,0.943
yolo26n,3,11,A8_B-52,34,174,1.0,0.987,0.0,0.993457,0.995,0.951
yolo26n,3,12,A9_P-3C,37,198,0.99,0.975,0.01,0.982443,0.994,0.916
yolo26n,3,13,A10_B-1B,33,160,0.996,0.969,0.004,0.982315,0.981,0.918
yolo26n,3,14,A11_E-8,29,91,0.934,0.901,0.066,0.917203,0.977,0.908
yolo26n,3,15,A12_TU-22,40,114,1.0,0.974,0.0,0.986829,0.994,0.917
yolo26n,3,16,A13_F-15,42,250,0.976,0.964,0.024,0.969963,0.989,0.882
yolo26n,3,17,A14_KC-135,73,281,0.985,0.964,0.015,0.974387,0.988,0.932
yolo26n,3,18,A15_F-22,23,113,0.908,0.966,0.092,0.936102,0.979,0.857
yolo26n,3,19,A16_FA-18,48,415,0.995,0.966,0.005,0.980286,0.992,0.933
yolo26n,3,20,A17_TU-95,61,240,0.989,0.971,0.011,0.979917,0.975,0.883
yolo26n,3,21,A18_KC-10,16,51,0.963,1.0,0.037,0.981151,0.98,0.919
yolo26n,3,22,A19_SU-34,55,148,0.95,0.907,0.05,0.928002,0.949,0.855
yolo26n,3,23,A20_SU-24,40,142,0.985,0.954,0.015,0.969252,0.984,0.898
yolo26n,3,24,FSC,13,105,0.809,0.445,0.191,0.574171,0.573,0.404
yolo26n,4,0,HM,33,34,1.0,0.94,0.0,0.969072,0.974,0.836
yolo26n,4,1,LQS,5,5,0.918,1.0,0.082,0.957247,0.995,0.922
yolo26n,4,2,QHS,44,126,0.809,0.802,0.191,0.805485,0.861,0.714
yolo26n,4,3,MS,238,447,0.849,0.843,0.151,0.845989,0.911,0.72
yolo26n,4,4,A1_SU-35,58,266,0.956,0.97,0.044,0.962949,0.981,0.903
yolo26n,4,5,A2_C-130,57,197,0.99,1.0,0.01,0.994975,0.995,0.926
yolo26n,4,6,A3_C-17,52,133,0.99,1.0,0.01,0.994975,0.995,0.934
yolo26n,4,7,A4_C-5,23,93,0.992,0.946,0.008,0.968454,0.984,0.91
yolo26n,4,8,A5_F-16,48,210,0.99,1.0,0.01,0.994975,0.995,0.891
yolo26n,4,9,A6_TU-160,17,63,0.986,1.0,0.014,0.992951,0.995,0.92
yolo26n,4,10,A7_E-3,32,122,0.997,0.984,0.003,0.990457,0.995,0.94
yolo26n,4,11,A8_B-52,33,179,0.996,0.989,0.004,0.992488,0.995,0.959
yolo26n,4,12,A9_P-3C,38,215,1.0,0.962,0.0,0.980632,0.994,0.941
yolo26n,4,13,A10_B-1B,32,164,0.994,0.993,0.006,0.9935,0.995,0.948
yolo26n,4,14,A11_E-8,29,47,0.976,0.979,0.024,0.977498,0.972,0.913
yolo26n,4,15,A12_TU-22,37,109,0.991,0.979,0.009,0.984963,0.995,0.913
yolo26n,4,16,A13_F-15,42,264,0.984,0.992,0.016,0.987984,0.995,0.879
yolo26n,4,17,A14_KC-135,71,257,0.979,0.996,0.021,0.987427,0.995,0.947
yolo26n,4,18,A15_F-22,23,104,0.995,1.0,0.005,0.997494,0.995,0.897
yolo26n,4,19,A16_FA-18,48,458,0.994,0.983,0.006,0.988469,0.995,0.938
yolo26n,4,20,A17_TU-95,60,234,0.997,1.0,0.003,0.998498,0.995,0.925
yolo26n,4,21,A18_KC-10,16,57,0.99,1.0,0.01,0.994975,0.995,0.917
yolo26n,4,22,A19_SU-34,55,201,0.96,0.956,0.04,0.957996,0.965,0.87
yolo26n,4,23,A20_SU-24,41,165,0.994,0.909,0.006,0.949602,0.953,0.814
yolo26n,4,24,FSC,13,93,0.916,0.495,0.084,0.642693,0.659,0.387
yolo26s,0,0,HM,15,16,0.934,0.938,0.066,0.935996,0.988,0.911
yolo26s,0,1,LQS,4,6,1.0,0.565,0.0,0.722045,0.73,0.645
yolo26s,0,2,QHS,40,111,0.866,0.757,0.134,0.80784,0.857,0.699
yolo26s,0,3,MS,243,463,0.861,0.89,0.139,0.87526,0.909,0.74
yolo26s,0,4,A1_SU-35,57,280,0.989,0.977,0.011,0.982963,0.985,0.908
yolo26s,0,5,A2_C-130,58,208,1.0,0.978,0.0,0.988878,0.995,0.948
yolo26s,0,6,A3_C-17,51,197,0.998,0.99,0.002,0.993984,0.995,0.941
yolo26s,0,7,A4_C-5,24,96,0.98,1.0,0.02,0.989899,0.995,0.966
yolo26s,0,8,A5_F-16,48,204,1.0,0.977,0.0,0.988366,0.995,0.893
yolo26s,0,9,A6_TU-160,18,64,0.979,1.0,0.021,0.989389,0.995,0.941
yolo26s,0,10,A7_E-3,31,91,0.986,0.978,0.014,0.981984,0.994,0.961
yolo26s,0,11,A8_B-52,33,114,0.993,1.0,0.007,0.996488,0.995,0.963
yolo26s,0,12,A9_P-3C,38,129,0.96,0.977,0.04,0.968425,0.993,0.928
yolo26s,0,13,A10_B-1B,31,144,0.986,0.971,0.014,0.978443,0.995,0.935
yolo26s,0,14,A11_E-8,29,81,0.897,0.968,0.103,0.931149,0.971,0.941
yolo26s,0,15,A12_TU-22,37,132,0.985,0.983,0.015,0.983999,0.994,0.917
yolo26s,0,16,A13_F-15,43,257,0.98,0.954,0.02,0.966825,0.981,0.874
yolo26s,0,17,A14_KC-135,71,282,0.98,0.982,0.02,0.980999,0.988,0.934
yolo26s,0,18,A15_F-22,23,90,0.978,0.978,0.022,0.978,0.99,0.85
yolo26s,0,19,A16_FA-18,48,400,0.987,0.988,0.013,0.9875,0.994,0.936
yolo26s,0,20,A17_TU-95,60,224,0.999,0.969,0.001,0.983771,0.984,0.898
yolo26s,0,21,A18_KC-10,18,41,0.994,0.976,0.006,0.984918,0.995,0.942
yolo26s,0,22,A19_SU-34,57,169,0.977,1.0,0.023,0.988366,0.993,0.913
yolo26s,0,23,A20_SU-24,41,140,0.994,0.979,0.006,0.986443,0.992,0.897
yolo26s,0,24,FSC,14,83,0.774,0.602,0.226,0.67725,0.728,0.537
yolo26s,1,0,HM,22,24,0.803,1.0,0.197,0.890738,0.982,0.892
yolo26s,1,1,LQS,5,5,0.71,0.505,0.29,0.590206,0.609,0.491
yolo26s,1,2,QHS,46,99,0.667,0.789,0.333,0.722889,0.816,0.665
yolo26s,1,3,MS,238,432,0.802,0.861,0.198,0.830453,0.897,0.745
yolo26s,1,4,A1_SU-35,56,284,0.982,0.969,0.018,0.975457,0.991,0.905
yolo26s,1,5,A2_C-130,58,321,0.964,0.991,0.036,0.977314,0.995,0.936
yolo26s,1,6,A3_C-17,50,223,0.97,1.0,0.03,0.984772,0.989,0.928
yolo26s,1,7,A4_C-5,23,120,0.97,0.975,0.03,0.972494,0.994,0.935
yolo26s,1,8,A5_F-16,48,192,0.985,0.969,0.015,0.976934,0.965,0.862
yolo26s,1,9,A6_TU-160,17,79,0.988,1.0,0.012,0.993964,0.995,0.911
yolo26s,1,10,A7_E-3,31,109,0.91,0.972,0.09,0.939979,0.986,0.922
yolo26s,1,11,A8_B-52,33,140,0.963,1.0,0.037,0.981151,0.995,0.966
yolo26s,1,12,A9_P-3C,39,183,0.994,0.987,0.006,0.990488,0.995,0.935
yolo26s,1,13,A10_B-1B,33,176,0.959,0.96,0.041,0.9595,0.987,0.912
yolo26s,1,14,A11_E-8,27,97,0.897,0.948,0.103,0.921795,0.966,0.921
yolo26s,1,15,A12_TU-22,38,129,0.948,0.983,0.052,0.965183,0.978,0.898
yolo26s,1,16,A13_F-15,42,241,0.984,0.959,0.016,0.971339,0.972,0.884
yolo26s,1,17,A14_KC-135,73,303,0.964,0.917,0.036,0.939913,0.924,0.863
yolo26s,1,18,A15_F-22,24,88,0.915,0.989,0.085,0.950562,0.975,0.876
yolo26s,1,19,A16_FA-18,46,471,0.971,0.979,0.029,0.974984,0.985,0.937
yolo26s,1,20,A17_TU-95,62,229,0.988,0.965,0.012,0.976365,0.973,0.879
yolo26s,1,21,A18_KC-10,16,48,0.944,1.0,0.056,0.971193,0.956,0.87
yolo26s,1,22,A19_SU-34,57,200,0.939,0.97,0.061,0.954248,0.98,0.89
yolo26s,1,23,A20_SU-24,40,164,0.988,0.982,0.012,0.984991,0.991,0.875
yolo26s,1,24,FSC,14,65,0.63,0.602,0.37,0.615682,0.675,0.454
yolo26s,2,0,HM,29,29,0.905,0.862,0.095,0.882977,0.924,0.84
yolo26s,2,1,LQS,5,9,1.0,0.542,0.0,0.702983,0.794,0.689
yolo26s,2,2,QHS,40,135,0.828,0.818,0.172,0.82297,0.871,0.732
yolo26s,2,3,MS,240,463,0.902,0.91,0.098,0.905982,0.935,0.744
yolo26s,2,4,A1_SU-35,55,271,0.987,0.978,0.013,0.982479,0.993,0.92
yolo26s,2,5,A2_C-130,61,360,0.991,0.971,0.009,0.980898,0.992,0.93
yolo26s,2,6,A3_C-17,51,242,1.0,0.995,0.0,0.997494,0.995,0.908
yolo26s,2,7,A4_C-5,23,137,1.0,0.953,0.0,0.975934,0.988,0.927
yolo26s,2,8,A5_F-16,48,184,0.994,0.965,0.006,0.979285,0.993,0.873
yolo26s,2,9,A6_TU-160,19,89,0.993,0.978,0.007,0.985443,0.985,0.906
yolo26s,2,10,A7_E-3,31,99,0.971,0.998,0.029,0.984315,0.994,0.948
yolo26s,2,11,A8_B-52,33,153,0.98,0.981,0.02,0.9805,0.993,0.952
yolo26s,2,12,A9_P-3C,36,207,0.982,0.971,0.018,0.976469,0.992,0.945
yolo26s,2,13,A10_B-1B,31,136,0.984,1.0,0.016,0.991935,0.995,0.938
yolo26s,2,14,A11_E-8,29,107,0.973,0.972,0.027,0.9725,0.994,0.95
yolo26s,2,15,A12_TU-22,37,109,0.963,0.991,0.037,0.976799,0.995,0.877
yolo26s,2,16,A13_F-15,42,291,0.983,0.968,0.017,0.975442,0.993,0.89
yolo26s,2,17,A14_KC-135,72,357,0.989,0.992,0.011,0.990498,0.991,0.934
yolo26s,2,18,A15_F-22,22,99,0.965,0.99,0.035,0.97734,0.991,0.884
yolo26s,2,19,A16_FA-18,48,464,0.987,0.985,0.013,0.985999,0.995,0.954
yolo26s,2,20,A17_TU-95,60,216,0.995,0.976,0.005,0.985408,0.994,0.915
yolo26s,2,21,A18_KC-10,18,65,1.0,0.969,0.0,0.984256,0.985,0.938
yolo26s,2,22,A19_SU-34,56,210,0.938,0.976,0.062,0.956623,0.977,0.879
yolo26s,2,23,A20_SU-24,40,162,0.981,0.966,0.019,0.973442,0.984,0.88
yolo26s,2,24,FSC,14,70,0.684,0.629,0.316,0.655348,0.677,0.492
yolo26s,3,0,HM,26,26,0.911,0.962,0.089,0.935806,0.992,0.911
yolo26s,3,1,LQS,5,5,1.0,0.798,0.0,0.887653,0.833,0.799
yolo26s,3,2,QHS,46,174,0.709,0.839,0.291,0.768541,0.831,0.683
yolo26s,3,3,MS,239,419,0.828,0.848,0.172,0.837881,0.901,0.741
yolo26s,3,4,A1_SU-35,56,243,0.976,0.975,0.024,0.9755,0.981,0.915
yolo26s,3,5,A2_C-130,58,263,0.988,0.979,0.012,0.983479,0.985,0.941
yolo26s,3,6,A3_C-17,51,212,0.997,0.991,0.003,0.993991,0.995,0.919
yolo26s,3,7,A4_C-5,24,92,0.96,0.913,0.04,0.93591,0.957,0.887
yolo26s,3,8,A5_F-16,48,244,0.994,0.992,0.006,0.992999,0.995,0.894
yolo26s,3,9,A6_TU-160,17,73,0.991,1.0,0.009,0.99548,0.995,0.925
yolo26s,3,10,A7_E-3,31,141,0.993,0.993,0.007,0.993,0.989,0.944
yolo26s,3,11,A8_B-52,34,174,0.992,0.977,0.008,0.984443,0.994,0.953
yolo26s,3,12,A9_P-3C,37,198,0.991,0.985,0.009,0.987991,0.993,0.937
yolo26s,3,13,A10_B-1B,33,160,0.989,0.975,0.011,0.98195,0.982,0.923
yolo26s,3,14,A11_E-8,29,91,0.916,0.989,0.084,0.951101,0.972,0.916
yolo26s,3,15,A12_TU-22,40,114,0.952,0.991,0.048,0.971109,0.995,0.895
yolo26s,3,16,A13_F-15,42,250,0.909,0.976,0.091,0.941309,0.977,0.871
yolo26s,3,17,A14_KC-135,73,281,0.978,0.966,0.022,0.971963,0.989,0.933
yolo26s,3,18,A15_F-22,23,113,0.957,0.982,0.043,0.969339,0.987,0.901
yolo26s,3,19,A16_FA-18,48,415,0.98,0.968,0.02,0.973963,0.991,0.943
yolo26s,3,20,A17_TU-95,61,240,0.988,0.975,0.012,0.981457,0.982,0.908
yolo26s,3,21,A18_KC-10,16,51,0.892,1.0,0.108,0.942918,0.983,0.921
yolo26s,3,22,A19_SU-34,55,148,0.941,0.953,0.059,0.946962,0.945,0.864
yolo26s,3,23,A20_SU-24,40,142,0.992,0.908,0.008,0.948143,0.98,0.893
yolo26s,3,24,FSC,13,105,0.902,0.543,0.098,0.677904,0.645,0.432
yolo26s,4,0,HM,33,34,0.985,0.912,0.015,0.947095,0.972,0.877
yolo26s,4,1,LQS,5,5,0.956,1.0,0.044,0.977505,0.995,0.955
yolo26s,4,2,QHS,44,126,0.87,0.762,0.13,0.812426,0.856,0.725
yolo26s,4,3,MS,238,447,0.859,0.858,0.141,0.8585,0.918,0.744
yolo26s,4,4,A1_SU-35,58,266,0.965,0.977,0.035,0.970963,0.981,0.902
yolo26s,4,5,A2_C-130,57,197,0.98,1.0,0.02,0.989899,0.995,0.935
yolo26s,4,6,A3_C-17,52,133,0.988,1.0,0.012,0.993964,0.995,0.944
yolo26s,4,7,A4_C-5,23,93,0.993,0.957,0.007,0.974668,0.974,0.918
yolo26s,4,8,A5_F-16,48,210,0.999,0.99,0.001,0.99448,0.995,0.909
yolo26s,4,9,A6_TU-160,17,63,0.999,1.0,0.001,0.9995,0.995,0.943
yolo26s,4,10,A7_E-3,32,122,0.988,0.984,0.012,0.985996,0.995,0.955
yolo26s,4,11,A8_B-52,33,179,0.994,0.991,0.006,0.992498,0.995,0.952
yolo26s,4,12,A9_P-3C,38,215,0.995,0.975,0.005,0.984898,0.995,0.931
yolo26s,4,13,A10_B-1B,32,164,0.995,0.994,0.005,0.9945,0.995,0.955
yolo26s,4,14,A11_E-8,29,47,0.957,0.946,0.043,0.951468,0.987,0.941
yolo26s,4,15,A12_TU-22,37,109,0.981,0.963,0.019,0.971917,0.994,0.917
yolo26s,4,16,A13_F-15,42,264,0.991,0.981,0.009,0.985975,0.995,0.891
yolo26s,4,17,A14_KC-135,71,257,0.996,0.992,0.004,0.993996,0.995,0.96
yolo26s,4,18,A15_F-22,23,104,0.986,0.99,0.014,0.987996,0.995,0.904
yolo26s,4,19,A16_FA-18,48,458,0.998,0.984,0.002,0.990951,0.995,0.943
yolo26s,4,20,A17_TU-95,60,234,0.996,1.0,0.004,0.997996,0.995,0.939
yolo26s,4,21,A18_KC-10,16,57,0.996,1.0,0.004,0.997996,0.995,0.924
yolo26s,4,22,A19_SU-34,55,201,0.965,0.952,0.035,0.958456,0.972,0.885
yolo26s,4,23,A20_SU-24,41,165,0.988,0.976,0.012,0.981963,0.985,0.868
yolo26s,4,24,FSC,13,93,0.982,0.596,0.018,0.74179,0.708,0.446
